,supply_volume,demand_volume,demand_volume_energy,supply_volume_energy,price,max_price,min_price,node,product_start,product_end,only_hours,market_id,time,simulation
0,34280,34280,34280,34280,39,39,39,,2019-01-02 00:00:00,2019-01-02 01:00:00,,EOM,2019-01-02 00:00:00,example_01d_base
1,34160,34160,34160,34160,39,39,39,,2019-01-02 01:00:00,2019-01-02 02:00:00,,EOM,2019-01-02 01:00:00,example_01d_base
2,34040,34040,34040,34040,39,39,39,,2019-01-02 02:00:00,2019-01-02 03:00:00,,EOM,2019-01-02 02:00:00,example_01d_base
3,33920,33920,33920,33920,38,38,38,,2019-01-02 03:00:00,2019-01-02 04:00:00,,EOM,2019-01-02 03:00:00,example_01d_base
4,33800,33800,33800,33800,38,38,38,,2019-01-02 04:00:00,2019-01-02 05:00:00,,EOM,2019-01-02 04:00:00,example_01d_base
5,33680,33680,33680,33680,38,38,38,,2019-01-02 05:00:00,2019-01-02 06:00:00,,EOM,2019-01-02 05:00:00,example_01d_base
6,33560,33560,33560,33560,38,38,38,,2019-01-02 06:00:00,2019-01-02 07:00:00,,EOM,2019-01-02 06:00:00,example_01d_base
7,33440,33440,33440,33440,38,38,38,,2019-01-02 07:00:00,2019-01-02 08:00:00,,EOM,2019-01-02 07:00:00,example_01d_base
8,33320,33320,33320,33320,38,38,38,,2019-01-02 08:00:00,2019-01-02 09:00:00,,EOM,2019-01-02 08:00:00,example_01d_base
9,33200,33200,33200,33200,38,38,38,,2019-01-02 09:00:00,2019-01-02 10:00:00,,EOM,2019-01-02 09:00:00,example_01d_base
10,33080,33080,33080,33080,38,38,38,,2019-01-02 10:00:00,2019-01-02 11:00:00,,EOM,2019-01-02 10:00:00,example_01d_base
11,32960,32960,32960,32960,37,37,37,,2019-01-02 11:00:00,2019-01-02 12:00:00,,EOM,2019-01-02 11:00:00,example_01d_base
12,32840,32840,32840,32840,37,37,37,,2019-01-02 12:00:00,2019-01-02 13:00:00,,EOM,2019-01-02 12:00:00,example_01d_base
13,32720,32720,32720,32720,37,37,37,,2019-01-02 13:00:00,2019-01-02 14:00:00,,EOM,2019-01-02 13:00:00,example_01d_base
14,32600,32600,32600,32600,37,37,37,,2019-01-02 14:00:00,2019-01-02 15:00:00,,EOM,2019-01-02 14:00:00,example_01d_base
15,32480,32480,32480,32480,37,37,37,,2019-01-02 15:00:00,2019-01-02 16:00:00,,EOM,2019-01-02 15:00:00,example_01d_base
16,32360,32360,32360,32360,37,37,37,,2019-01-02 16:00:00,2019-01-02 17:00:00,,EOM,2019-01-02 16:00:00,example_01d_base
17,32240,32240,32240,32240,37,37,37,,2019-01-02 17:00:00,2019-01-02 18:00:00,,EOM,2019-01-02 17:00:00,example_01d_base
18,32120,32120,32120,32120,37,37,37,,2019-01-02 18:00:00,2019-01-02 19:00:00,,EOM,2019-01-02 18:00:00,example_01d_base
19,32000,32000,32000,32000,36,36,36,,2019-01-02 19:00:00,2019-01-02 20:00:00,,EOM,2019-01-02 19:00:00,example_01d_base
20,31880,31880,31880,31880,36,36,36,,2019-01-02 20:00:00,2019-01-02 21:00:00,,EOM,2019-01-02 20:00:00,example_01d_base
21,31760,31760,31760,31760,36,36,36,,2019-01-02 21:00:00,2019-01-02 22:00:00,,EOM,2019-01-02 21:00:00,example_01d_base
22,31640,31640,31640,31640,36,36,36,,2019-01-02 22:00:00,2019-01-02 23:00:00,,EOM,2019-01-02 22:00:00,example_01d_base
23,31520,31520,31520,31520,36,36,36,,2019-01-02 23:00:00,2019-01-03 00:00:00,,EOM,2019-01-02 23:00:00,example_01d_base
24,0,-0,-0,0,29,,,north_1,2019-01-02 00:00:00,2019-01-02 01:00:00,,redispatch,2019-01-02 00:00:00,example_01d_base
25,0,1000,1000,0,24,,,north_2,2019-01-02 00:00:00,2019-01-02 01:00:00,,redispatch,2019-01-02 00:00:00,example_01d_base
26,0,320,320,0,29,,,east,2019-01-02 00:00:00,2019-01-02 01:00:00,,redispatch,2019-01-02 00:00:00,example_01d_base
27,0,5280,5280,0,34,,,south,2019-01-02 00:00:00,2019-01-02 01:00:00,,redispatch,2019-01-02 00:00:00,example_01d_base
28,6600,-0,-0,6600,51,,,west,2019-01-02 00:00:00,2019-01-02 01:00:00,,redispatch,2019-01-02 00:00:00,example_01d_base
29,0,-0,-0,0,28.5,,,north_1,2019-01-02 01:00:00,2019-01-02 02:00:00,,redispatch,2019-01-02 01:00:00,example_01d_base
30,0,20,20,0,24,,,north_2,2019-01-02 01:00:00,2019-01-02 02:00:00,,redispatch,2019-01-02 01:00:00,example_01d_base
31,0,1000,1000,0,28.5,,,east,2019-01-02 01:00:00,2019-01-02 02:00:00,,redispatch,2019-01-02 01:00:00,example_01d_base
32,0,5180,5180,0,33,,,south,2019-01-02 01:00:00,2019-01-02 02:00:00,,redispatch,2019-01-02 01:00:00,example_01d_base
33,6200,-0,-0,6200,51,,,west,2019-01-02 01:00:00,2019-01-02 02:00:00,,redispatch,2019-01-02 01:00:00,example_01d_base
34,0,-0,-0,0,33,,,north_1,2019-01-02 02:00:00,2019-01-02 03:00:00,,redispatch,2019-01-02 02:00:00,example_01d_base
35,0,-0,-0,0,33,,,north_2,2019-01-02 02:00:00,2019-01-02 03:00:00,,redispatch,2019-01-02 02:00:00,example_01d_base
36,0,-0,-0,0,33,,,east,2019-01-02 02:00:00,2019-01-02 03:00:00,,redispatch,2019-01-02 02:00:00,example_01d_base
37,0,5800,5800,0,33,,,south,2019-01-02 02:00:00,2019-01-02 03:00:00,,redispatch,2019-01-02 02:00:00,example_01d_base
38,5800,-0,-0,5800,50,,,west,2019-01-02 02:00:00,2019-01-02 03:00:00,,redispatch,2019-01-02 02:00:00,example_01d_base
39,0,-0,-0,0,33,,,north_1,2019-01-02 03:00:00,2019-01-02 04:00:00,,redispatch,2019-01-02 03:00:00,example_01d_base
40,0,-0,-0,0,33,,,north_2,2019-01-02 03:00:00,2019-01-02 04:00:00,,redispatch,2019-01-02 03:00:00,example_01d_base
41,0,-0,-0,0,33,,,east,2019-01-02 03:00:00,2019-01-02 04:00:00,,redispatch,2019-01-02 03:00:00,example_01d_base
42,0,5400,5400,0,33,,,south,2019-01-02 03:00:00,2019-01-02 04:00:00,,redispatch,2019-01-02 03:00:00,example_01d_base
43,5400,-0,-0,5400,50,,,west,2019-01-02 03:00:00,2019-01-02 04:00:00,,redispatch,2019-01-02 03:00:00,example_01d_base
44,0,-0,-0,0,33,,,north_1,2019-01-02 04:00:00,2019-01-02 05:00:00,,redispatch,2019-01-02 04:00:00,example_01d_base
45,0,-0,-0,0,33,,,north_2,2019-01-02 04:00:00,2019-01-02 05:00:00,,redispatch,2019-01-02 04:00:00,example_01d_base
46,0,-0,-0,0,33,,,east,2019-01-02 04:00:00,2019-01-02 05:00:00,,redispatch,2019-01-02 04:00:00,example_01d_base
47,0,5000,5000,0,33,,,south,2019-01-02 04:00:00,2019-01-02 05:00:00,,redispatch,2019-01-02 04:00:00,example_01d_base
48,5000,-0,-0,5000,49,,,west,2019-01-02 04:00:00,2019-01-02 05:00:00,,redispatch,2019-01-02 04:00:00,example_01d_base
49,0,-0,-0,0,34,,,north_1,2019-01-02 05:00:00,2019-01-02 06:00:00,,redispatch,2019-01-02 05:00:00,example_01d_base
50,0,-0,-0,0,34,,,north_2,2019-01-02 05:00:00,2019-01-02 06:00:00,,redispatch,2019-01-02 05:00:00,example_01d_base
51,0,-0,-0,0,34,,,east,2019-01-02 05:00:00,2019-01-02 06:00:00,,redispatch,2019-01-02 05:00:00,example_01d_base
52,0,4600,4600,0,34,,,south,2019-01-02 05:00:00,2019-01-02 06:00:00,,redispatch,2019-01-02 05:00:00,example_01d_base
53,4600,-0,-0,4600,49,,,west,2019-01-02 05:00:00,2019-01-02 06:00:00,,redispatch,2019-01-02 05:00:00,example_01d_base
54,0,-0,-0,0,34,,,north_1,2019-01-02 06:00:00,2019-01-02 07:00:00,,redispatch,2019-01-02 06:00:00,example_01d_base
55,0,-0,-0,0,34,,,north_2,2019-01-02 06:00:00,2019-01-02 07:00:00,,redispatch,2019-01-02 06:00:00,example_01d_base
56,0,-0,-0,0,34,,,east,2019-01-02 06:00:00,2019-01-02 07:00:00,,redispatch,2019-01-02 06:00:00,example_01d_base
57,0,4200,4200,0,34,,,south,2019-01-02 06:00:00,2019-01-02 07:00:00,,redispatch,2019-01-02 06:00:00,example_01d_base
58,4200,-0,-0,4200,49,,,west,2019-01-02 06:00:00,2019-01-02 07:00:00,,redispatch,2019-01-02 06:00:00,example_01d_base
59,0,-0,-0,0,34,,,north_1,2019-01-02 07:00:00,2019-01-02 08:00:00,,redispatch,2019-01-02 07:00:00,example_01d_base
60,0,-0,-0,0,34,,,north_2,2019-01-02 07:00:00,2019-01-02 08:00:00,,redispatch,2019-01-02 07:00:00,example_01d_base
61,0,-0,-0,0,34,,,east,2019-01-02 07:00:00,2019-01-02 08:00:00,,redispatch,2019-01-02 07:00:00,example_01d_base
62,0,3800,3800,0,34,,,south,2019-01-02 07:00:00,2019-01-02 08:00:00,,redispatch,2019-01-02 07:00:00,example_01d_base
63,3800,-0,-0,3800,48,,,west,2019-01-02 07:00:00,2019-01-02 08:00:00,,redispatch,2019-01-02 07:00:00,example_01d_base
64,0,-0,-0,0,34,,,north_1,2019-01-02 08:00:00,2019-01-02 09:00:00,,redispatch,2019-01-02 08:00:00,example_01d_base
65,0,-0,-0,0,34,,,north_2,2019-01-02 08:00:00,2019-01-02 09:00:00,,redispatch,2019-01-02 08:00:00,example_01d_base
66,0,-0,-0,0,34,,,east,2019-01-02 08:00:00,2019-01-02 09:00:00,,redispatch,2019-01-02 08:00:00,example_01d_base
67,0,3400,3400,0,34,,,south,2019-01-02 08:00:00,2019-01-02 09:00:00,,redispatch,2019-01-02 08:00:00,example_01d_base
68,3400,-0,-0,3400,48,,,west,2019-01-02 08:00:00,2019-01-02 09:00:00,,redispatch,2019-01-02 08:00:00,example_01d_base
69,0,-0,-0,0,35,,,north_1,2019-01-02 09:00:00,2019-01-02 10:00:00,,redispatch,2019-01-02 09:00:00,example_01d_base
70,0,-0,-0,0,35,,,north_2,2019-01-02 09:00:00,2019-01-02 10:00:00,,redispatch,2019-01-02 09:00:00,example_01d_base
71,0,-0,-0,0,35,,,east,2019-01-02 09:00:00,2019-01-02 10:00:00,,redispatch,2019-01-02 09:00:00,example_01d_base
72,0,3000,3000,0,35,,,south,2019-01-02 09:00:00,2019-01-02 10:00:00,,redispatch,2019-01-02 09:00:00,example_01d_base
73,3000,-0,-0,3000,47,,,west,2019-01-02 09:00:00,2019-01-02 10:00:00,,redispatch,2019-01-02 09:00:00,example_01d_base
74,0,-0,-0,0,35,,,north_1,2019-01-02 10:00:00,2019-01-02 11:00:00,,redispatch,2019-01-02 10:00:00,example_01d_base
75,0,-0,-0,0,35,,,north_2,2019-01-02 10:00:00,2019-01-02 11:00:00,,redispatch,2019-01-02 10:00:00,example_01d_base
76,0,-0,-0,0,35,,,east,2019-01-02 10:00:00,2019-01-02 11:00:00,,redispatch,2019-01-02 10:00:00,example_01d_base
77,0,2600,2600,0,35,,,south,2019-01-02 10:00:00,2019-01-02 11:00:00,,redispatch,2019-01-02 10:00:00,example_01d_base
78,2600,-0,-0,2600,47,,,west,2019-01-02 10:00:00,2019-01-02 11:00:00,,redispatch,2019-01-02 10:00:00,example_01d_base
79,0,-0,-0,0,35,,,north_1,2019-01-02 11:00:00,2019-01-02 12:00:00,,redispatch,2019-01-02 11:00:00,example_01d_base
80,0,-0,-0,0,35,,,north_2,2019-01-02 11:00:00,2019-01-02 12:00:00,,redispatch,2019-01-02 11:00:00,example_01d_base
81,0,-0,-0,0,35,,,east,2019-01-02 11:00:00,2019-01-02 12:00:00,,redispatch,2019-01-02 11:00:00,example_01d_base
82,0,2200,2200,0,35,,,south,2019-01-02 11:00:00,2019-01-02 12:00:00,,redispatch,2019-01-02 11:00:00,example_01d_base
83,2200,-0,-0,2200,47,,,west,2019-01-02 11:00:00,2019-01-02 12:00:00,,redispatch,2019-01-02 11:00:00,example_01d_base
84,0,-0,-0,0,36,,,north_1,2019-01-02 12:00:00,2019-01-02 13:00:00,,redispatch,2019-01-02 12:00:00,example_01d_base
85,0,-0,-0,0,36,,,north_2,2019-01-02 12:00:00,2019-01-02 13:00:00,,redispatch,2019-01-02 12:00:00,example_01d_base
86,0,-0,-0,0,36,,,east,2019-01-02 12:00:00,2019-01-02 13:00:00,,redispatch,2019-01-02 12:00:00,example_01d_base
87,0,1800,1800,0,36,,,south,2019-01-02 12:00:00,2019-01-02 13:00:00,,redispatch,2019-01-02 12:00:00,example_01d_base
88,1800,-0,-0,1800,46,,,west,2019-01-02 12:00:00,2019-01-02 13:00:00,,redispatch,2019-01-02 12:00:00,example_01d_base
89,0,-0,-0,0,36,,,north_1,2019-01-02 13:00:00,2019-01-02 14:00:00,,redispatch,2019-01-02 13:00:00,example_01d_base
90,0,-0,-0,0,36,,,north_2,2019-01-02 13:00:00,2019-01-02 14:00:00,,redispatch,2019-01-02 13:00:00,example_01d_base
91,0,-0,-0,0,36,,,east,2019-01-02 13:00:00,2019-01-02 14:00:00,,redispatch,2019-01-02 13:00:00,example_01d_base
92,0,1400,1400,0,36,,,south,2019-01-02 13:00:00,2019-01-02 14:00:00,,redispatch,2019-01-02 13:00:00,example_01d_base
93,1400,-0,-0,1400,46,,,west,2019-01-02 13:00:00,2019-01-02 14:00:00,,redispatch,2019-01-02 13:00:00,example_01d_base
94,0,-0,-0,0,36,,,north_1,2019-01-02 14:00:00,2019-01-02 15:00:00,,redispatch,2019-01-02 14:00:00,example_01d_base
95,0,-0,-0,0,36,,,north_2,2019-01-02 14:00:00,2019-01-02 15:00:00,,redispatch,2019-01-02 14:00:00,example_01d_base
96,0,-0,-0,0,36,,,east,2019-01-02 14:00:00,2019-01-02 15:00:00,,redispatch,2019-01-02 14:00:00,example_01d_base
97,0,1000,1000,0,36,,,south,2019-01-02 14:00:00,2019-01-02 15:00:00,,redispatch,2019-01-02 14:00:00,example_01d_base
98,1000,-0,-0,1000,45,,,west,2019-01-02 14:00:00,2019-01-02 15:00:00,,redispatch,2019-01-02 14:00:00,example_01d_base
99,0,-0,-0,0,36,,,north_1,2019-01-02 15:00:00,2019-01-02 16:00:00,,redispatch,2019-01-02 15:00:00,example_01d_base
100,0,-0,-0,0,36,,,north_2,2019-01-02 15:00:00,2019-01-02 16:00:00,,redispatch,2019-01-02 15:00:00,example_01d_base
101,0,-0,-0,0,36,,,east,2019-01-02 15:00:00,2019-01-02 16:00:00,,redispatch,2019-01-02 15:00:00,example_01d_base
102,0,600,600,0,36,,,south,2019-01-02 15:00:00,2019-01-02 16:00:00,,redispatch,2019-01-02 15:00:00,example_01d_base
103,600,-0,-0,600,45,,,west,2019-01-02 15:00:00,2019-01-02 16:00:00,,redispatch,2019-01-02 15:00:00,example_01d_base
104,0,-0,-0,0,37,,,north_1,2019-01-02 16:00:00,2019-01-02 17:00:00,,redispatch,2019-01-02 16:00:00,example_01d_base
105,0,-0,-0,0,37,,,north_2,2019-01-02 16:00:00,2019-01-02 17:00:00,,redispatch,2019-01-02 16:00:00,example_01d_base
106,0,-0,-0,0,37,,,east,2019-01-02 16:00:00,2019-01-02 17:00:00,,redispatch,2019-01-02 16:00:00,example_01d_base
107,0,200,200,0,37,,,south,2019-01-02 16:00:00,2019-01-02 17:00:00,,redispatch,2019-01-02 16:00:00,example_01d_base
108,200,-0,-0,200,45,,,west,2019-01-02 16:00:00,2019-01-02 17:00:00,,redispatch,2019-01-02 16:00:00,example_01d_base
109,0,-0,-0,0,37,,,north_1,2019-01-02 17:00:00,2019-01-02 18:00:00,,redispatch,2019-01-02 17:00:00,example_01d_base
110,0,-0,-0,0,37,,,north_2,2019-01-02 17:00:00,2019-01-02 18:00:00,,redispatch,2019-01-02 17:00:00,example_01d_base
111,0,-0,-0,0,37,,,east,2019-01-02 17:00:00,2019-01-02 18:00:00,,redispatch,2019-01-02 17:00:00,example_01d_base
112,0,2.2737e-13,2.2737e-13,0,37,,,south,2019-01-02 17:00:00,2019-01-02 18:00:00,,redispatch,2019-01-02 17:00:00,example_01d_base
113,0,-0,-0,0,37,,,west,2019-01-02 17:00:00,2019-01-02 18:00:00,,redispatch,2019-01-02 17:00:00,example_01d_base
114,0,-0,-0,0,37,,,north_1,2019-01-02 18:00:00,2019-01-02 19:00:00,,redispatch,2019-01-02 18:00:00,example_01d_base
115,0,-0,-0,0,37,,,north_2,2019-01-02 18:00:00,2019-01-02 19:00:00,,redispatch,2019-01-02 18:00:00,example_01d_base
116,0,-0,-0,0,37,,,east,2019-01-02 18:00:00,2019-01-02 19:00:00,,redispatch,2019-01-02 18:00:00,example_01d_base
117,0,-0,-0,0,37,,,south,2019-01-02 18:00:00,2019-01-02 19:00:00,,redispatch,2019-01-02 18:00:00,example_01d_base
118,0,-0,-0,0,37,,,west,2019-01-02 18:00:00,2019-01-02 19:00:00,,redispatch,2019-01-02 18:00:00,example_01d_base
119,0,-0,-0,0,36,,,north_1,2019-01-02 19:00:00,2019-01-02 20:00:00,,redispatch,2019-01-02 19:00:00,example_01d_base
120,0,-0,-0,0,36,,,north_2,2019-01-02 19:00:00,2019-01-02 20:00:00,,redispatch,2019-01-02 19:00:00,example_01d_base
121,0,-0,-0,0,36,,,east,2019-01-02 19:00:00,2019-01-02 20:00:00,,redispatch,2019-01-02 19:00:00,example_01d_base
122,2.2737e-13,-0,-0,2.2737e-13,36,,,south,2019-01-02 19:00:00,2019-01-02 20:00:00,,redispatch,2019-01-02 19:00:00,example_01d_base
123,0,-0,-0,0,36,,,west,2019-01-02 19:00:00,2019-01-02 20:00:00,,redispatch,2019-01-02 19:00:00,example_01d_base
124,0,-0,-0,0,36,,,north_1,2019-01-02 20:00:00,2019-01-02 21:00:00,,redispatch,2019-01-02 20:00:00,example_01d_base
125,0,-0,-0,0,36,,,north_2,2019-01-02 20:00:00,2019-01-02 21:00:00,,redispatch,2019-01-02 20:00:00,example_01d_base
126,0,-0,-0,0,36,,,east,2019-01-02 20:00:00,2019-01-02 21:00:00,,redispatch,2019-01-02 20:00:00,example_01d_base
127,0,-0,-0,0,36,,,south,2019-01-02 20:00:00,2019-01-02 21:00:00,,redispatch,2019-01-02 20:00:00,example_01d_base
128,0,-0,-0,0,36,,,west,2019-01-02 20:00:00,2019-01-02 21:00:00,,redispatch,2019-01-02 20:00:00,example_01d_base
129,0,-0,-0,0,36,,,north_1,2019-01-02 21:00:00,2019-01-02 22:00:00,,redispatch,2019-01-02 21:00:00,example_01d_base
130,0,-0,-0,0,36,,,north_2,2019-01-02 21:00:00,2019-01-02 22:00:00,,redispatch,2019-01-02 21:00:00,example_01d_base
131,0,-0,-0,0,36,,,east,2019-01-02 21:00:00,2019-01-02 22:00:00,,redispatch,2019-01-02 21:00:00,example_01d_base
132,0,-0,-0,0,36,,,south,2019-01-02 21:00:00,2019-01-02 22:00:00,,redispatch,2019-01-02 21:00:00,example_01d_base
133,0,-0,-0,0,36,,,west,2019-01-02 21:00:00,2019-01-02 22:00:00,,redispatch,2019-01-02 21:00:00,example_01d_base
134,0,-0,-0,0,36,,,north_1,2019-01-02 22:00:00,2019-01-02 23:00:00,,redispatch,2019-01-02 22:00:00,example_01d_base
135,0,-0,-0,0,36,,,north_2,2019-01-02 22:00:00,2019-01-02 23:00:00,,redispatch,2019-01-02 22:00:00,example_01d_base
136,0,-0,-0,0,36,,,east,2019-01-02 22:00:00,2019-01-02 23:00:00,,redispatch,2019-01-02 22:00:00,example_01d_base
137,0,-0,-0,0,36,,,south,2019-01-02 22:00:00,2019-01-02 23:00:00,,redispatch,2019-01-02 22:00:00,example_01d_base
138,0,-0,-0,0,36,,,west,2019-01-02 22:00:00,2019-01-02 23:00:00,,redispatch,2019-01-02 22:00:00,example_01d_base
139,0,-0,-0,0,36,,,north_1,2019-01-02 23:00:00,2019-01-03 00:00:00,,redispatch,2019-01-02 23:00:00,example_01d_base
140,0,-0,-0,0,36,,,north_2,2019-01-02 23:00:00,2019-01-03 00:00:00,,redispatch,2019-01-02 23:00:00,example_01d_base
141,0,-0,-0,0,36,,,east,2019-01-02 23:00:00,2019-01-03 00:00:00,,redispatch,2019-01-02 23:00:00,example_01d_base
142,2.2737e-13,-0,-0,2.2737e-13,36,,,south,2019-01-02 23:00:00,2019-01-03 00:00:00,,redispatch,2019-01-02 23:00:00,example_01d_base
143,0,-0,-0,0,36,,,west,2019-01-02 23:00:00,2019-01-03 00:00:00,,redispatch,2019-01-02 23:00:00,example_01d_base
144,34280,34280,34280,34280,39,39,39,,2019-01-03 00:00:00,2019-01-03 01:00:00,,EOM,2019-01-03 00:00:00,example_01d_base
145,34160,34160,34160,34160,39,39,39,,2019-01-03 01:00:00,2019-01-03 02:00:00,,EOM,2019-01-03 01:00:00,example_01d_base
146,34040,34040,34040,34040,39,39,39,,2019-01-03 02:00:00,2019-01-03 03:00:00,,EOM,2019-01-03 02:00:00,example_01d_base
147,33920,33920,33920,33920,38,38,38,,2019-01-03 03:00:00,2019-01-03 04:00:00,,EOM,2019-01-03 03:00:00,example_01d_base
148,33800,33800,33800,33800,38,38,38,,2019-01-03 04:00:00,2019-01-03 05:00:00,,EOM,2019-01-03 04:00:00,example_01d_base
149,33680,33680,33680,33680,38,38,38,,2019-01-03 05:00:00,2019-01-03 06:00:00,,EOM,2019-01-03 05:00:00,example_01d_base
150,33560,33560,33560,33560,38,38,38,,2019-01-03 06:00:00,2019-01-03 07:00:00,,EOM,2019-01-03 06:00:00,example_01d_base
151,33440,33440,33440,33440,38,38,38,,2019-01-03 07:00:00,2019-01-03 08:00:00,,EOM,2019-01-03 07:00:00,example_01d_base
152,33320,33320,33320,33320,38,38,38,,2019-01-03 08:00:00,2019-01-03 09:00:00,,EOM,2019-01-03 08:00:00,example_01d_base
153,33200,33200,33200,33200,38,38,38,,2019-01-03 09:00:00,2019-01-03 10:00:00,,EOM,2019-01-03 09:00:00,example_01d_base
154,33080,33080,33080,33080,38,38,38,,2019-01-03 10:00:00,2019-01-03 11:00:00,,EOM,2019-01-03 10:00:00,example_01d_base
155,32960,32960,32960,32960,37,37,37,,2019-01-03 11:00:00,2019-01-03 12:00:00,,EOM,2019-01-03 11:00:00,example_01d_base
156,32840,32840,32840,32840,37,37,37,,2019-01-03 12:00:00,2019-01-03 13:00:00,,EOM,2019-01-03 12:00:00,example_01d_base
157,32720,32720,32720,32720,37,37,37,,2019-01-03 13:00:00,2019-01-03 14:00:00,,EOM,2019-01-03 13:00:00,example_01d_base
158,32600,32600,32600,32600,37,37,37,,2019-01-03 14:00:00,2019-01-03 15:00:00,,EOM,2019-01-03 14:00:00,example_01d_base
159,32480,32480,32480,32480,37,37,37,,2019-01-03 15:00:00,2019-01-03 16:00:00,,EOM,2019-01-03 15:00:00,example_01d_base
160,32360,32360,32360,32360,37,37,37,,2019-01-03 16:00:00,2019-01-03 17:00:00,,EOM,2019-01-03 16:00:00,example_01d_base
161,32240,32240,32240,32240,37,37,37,,2019-01-03 17:00:00,2019-01-03 18:00:00,,EOM,2019-01-03 17:00:00,example_01d_base
162,32120,32120,32120,32120,37,37,37,,2019-01-03 18:00:00,2019-01-03 19:00:00,,EOM,2019-01-03 18:00:00,example_01d_base
163,32000,32000,32000,32000,36,36,36,,2019-01-03 19:00:00,2019-01-03 20:00:00,,EOM,2019-01-03 19:00:00,example_01d_base
164,31880,31880,31880,31880,36,36,36,,2019-01-03 20:00:00,2019-01-03 21:00:00,,EOM,2019-01-03 20:00:00,example_01d_base
165,31760,31760,31760,31760,36,36,36,,2019-01-03 21:00:00,2019-01-03 22:00:00,,EOM,2019-01-03 21:00:00,example_01d_base
166,31640,31640,31640,31640,36,36,36,,2019-01-03 22:00:00,2019-01-03 23:00:00,,EOM,2019-01-03 22:00:00,example_01d_base
167,31520,31520,31520,31520,36,36,36,,2019-01-03 23:00:00,2019-01-04 00:00:00,,EOM,2019-01-03 23:00:00,example_01d_base
168,0,-0,-0,0,29,,,north_1,2019-01-03 00:00:00,2019-01-03 01:00:00,,redispatch,2019-01-03 00:00:00,example_01d_base
169,0,1000,1000,0,24,,,north_2,2019-01-03 00:00:00,2019-01-03 01:00:00,,redispatch,2019-01-03 00:00:00,example_01d_base
170,0,320,320,0,29,,,east,2019-01-03 00:00:00,2019-01-03 01:00:00,,redispatch,2019-01-03 00:00:00,example_01d_base
171,0,5280,5280,0,34,,,south,2019-01-03 00:00:00,2019-01-03 01:00:00,,redispatch,2019-01-03 00:00:00,example_01d_base
172,6600,-0,-0,6600,51,,,west,2019-01-03 00:00:00,2019-01-03 01:00:00,,redispatch,2019-01-03 00:00:00,example_01d_base
173,0,-0,-0,0,28.5,,,north_1,2019-01-03 01:00:00,2019-01-03 02:00:00,,redispatch,2019-01-03 01:00:00,example_01d_base
174,0,20,20,0,24,,,north_2,2019-01-03 01:00:00,2019-01-03 02:00:00,,redispatch,2019-01-03 01:00:00,example_01d_base
175,0,1000,1000,0,28.5,,,east,2019-01-03 01:00:00,2019-01-03 02:00:00,,redispatch,2019-01-03 01:00:00,example_01d_base
176,0,5180,5180,0,33,,,south,2019-01-03 01:00:00,2019-01-03 02:00:00,,redispatch,2019-01-03 01:00:00,example_01d_base
177,6200,-0,-0,6200,51,,,west,2019-01-03 01:00:00,2019-01-03 02:00:00,,redispatch,2019-01-03 01:00:00,example_01d_base
178,0,-0,-0,0,33,,,north_1,2019-01-03 02:00:00,2019-01-03 03:00:00,,redispatch,2019-01-03 02:00:00,example_01d_base
179,0,-0,-0,0,33,,,north_2,2019-01-03 02:00:00,2019-01-03 03:00:00,,redispatch,2019-01-03 02:00:00,example_01d_base
180,0,-0,-0,0,33,,,east,2019-01-03 02:00:00,2019-01-03 03:00:00,,redispatch,2019-01-03 02:00:00,example_01d_base
181,0,5800,5800,0,33,,,south,2019-01-03 02:00:00,2019-01-03 03:00:00,,redispatch,2019-01-03 02:00:00,example_01d_base
182,5800,-0,-0,5800,50,,,west,2019-01-03 02:00:00,2019-01-03 03:00:00,,redispatch,2019-01-03 02:00:00,example_01d_base
183,0,-0,-0,0,33,,,north_1,2019-01-03 03:00:00,2019-01-03 04:00:00,,redispatch,2019-01-03 03:00:00,example_01d_base
184,0,-0,-0,0,33,,,north_2,2019-01-03 03:00:00,2019-01-03 04:00:00,,redispatch,2019-01-03 03:00:00,example_01d_base
185,0,-0,-0,0,33,,,east,2019-01-03 03:00:00,2019-01-03 04:00:00,,redispatch,2019-01-03 03:00:00,example_01d_base
186,0,5400,5400,0,33,,,south,2019-01-03 03:00:00,2019-01-03 04:00:00,,redispatch,2019-01-03 03:00:00,example_01d_base
187,5400,-0,-0,5400,50,,,west,2019-01-03 03:00:00,2019-01-03 04:00:00,,redispatch,2019-01-03 03:00:00,example_01d_base
188,0,-0,-0,0,33,,,north_1,2019-01-03 04:00:00,2019-01-03 05:00:00,,redispatch,2019-01-03 04:00:00,example_01d_base
189,0,-0,-0,0,33,,,north_2,2019-01-03 04:00:00,2019-01-03 05:00:00,,redispatch,2019-01-03 04:00:00,example_01d_base
190,0,-0,-0,0,33,,,east,2019-01-03 04:00:00,2019-01-03 05:00:00,,redispatch,2019-01-03 04:00:00,example_01d_base
191,0,5000,5000,0,33,,,south,2019-01-03 04:00:00,2019-01-03 05:00:00,,redispatch,2019-01-03 04:00:00,example_01d_base
192,5000,-0,-0,5000,49,,,west,2019-01-03 04:00:00,2019-01-03 05:00:00,,redispatch,2019-01-03 04:00:00,example_01d_base
193,0,-0,-0,0,34,,,north_1,2019-01-03 05:00:00,2019-01-03 06:00:00,,redispatch,2019-01-03 05:00:00,example_01d_base
194,0,-0,-0,0,34,,,north_2,2019-01-03 05:00:00,2019-01-03 06:00:00,,redispatch,2019-01-03 05:00:00,example_01d_base
195,0,-0,-0,0,34,,,east,2019-01-03 05:00:00,2019-01-03 06:00:00,,redispatch,2019-01-03 05:00:00,example_01d_base
196,0,4600,4600,0,34,,,south,2019-01-03 05:00:00,2019-01-03 06:00:00,,redispatch,2019-01-03 05:00:00,example_01d_base
197,4600,-0,-0,4600,49,,,west,2019-01-03 05:00:00,2019-01-03 06:00:00,,redispatch,2019-01-03 05:00:00,example_01d_base
198,0,-0,-0,0,34,,,north_1,2019-01-03 06:00:00,2019-01-03 07:00:00,,redispatch,2019-01-03 06:00:00,example_01d_base
199,0,-0,-0,0,34,,,north_2,2019-01-03 06:00:00,2019-01-03 07:00:00,,redispatch,2019-01-03 06:00:00,example_01d_base
200,0,-0,-0,0,34,,,east,2019-01-03 06:00:00,2019-01-03 07:00:00,,redispatch,2019-01-03 06:00:00,example_01d_base
201,0,4200,4200,0,34,,,south,2019-01-03 06:00:00,2019-01-03 07:00:00,,redispatch,2019-01-03 06:00:00,example_01d_base
202,4200,-0,-0,4200,49,,,west,2019-01-03 06:00:00,2019-01-03 07:00:00,,redispatch,2019-01-03 06:00:00,example_01d_base
203,0,-0,-0,0,34,,,north_1,2019-01-03 07:00:00,2019-01-03 08:00:00,,redispatch,2019-01-03 07:00:00,example_01d_base
204,0,-0,-0,0,34,,,north_2,2019-01-03 07:00:00,2019-01-03 08:00:00,,redispatch,2019-01-03 07:00:00,example_01d_base
205,0,-0,-0,0,34,,,east,2019-01-03 07:00:00,2019-01-03 08:00:00,,redispatch,2019-01-03 07:00:00,example_01d_base
206,0,3800,3800,0,34,,,south,2019-01-03 07:00:00,2019-01-03 08:00:00,,redispatch,2019-01-03 07:00:00,example_01d_base
207,3800,-0,-0,3800,48,,,west,2019-01-03 07:00:00,2019-01-03 08:00:00,,redispatch,2019-01-03 07:00:00,example_01d_base
208,0,-0,-0,0,34,,,north_1,2019-01-03 08:00:00,2019-01-03 09:00:00,,redispatch,2019-01-03 08:00:00,example_01d_base
209,0,-0,-0,0,34,,,north_2,2019-01-03 08:00:00,2019-01-03 09:00:00,,redispatch,2019-01-03 08:00:00,example_01d_base
210,0,-0,-0,0,34,,,east,2019-01-03 08:00:00,2019-01-03 09:00:00,,redispatch,2019-01-03 08:00:00,example_01d_base
211,0,3400,3400,0,34,,,south,2019-01-03 08:00:00,2019-01-03 09:00:00,,redispatch,2019-01-03 08:00:00,example_01d_base
212,3400,-0,-0,3400,48,,,west,2019-01-03 08:00:00,2019-01-03 09:00:00,,redispatch,2019-01-03 08:00:00,example_01d_base
213,0,-0,-0,0,35,,,north_1,2019-01-03 09:00:00,2019-01-03 10:00:00,,redispatch,2019-01-03 09:00:00,example_01d_base
214,0,-0,-0,0,35,,,north_2,2019-01-03 09:00:00,2019-01-03 10:00:00,,redispatch,2019-01-03 09:00:00,example_01d_base
215,0,-0,-0,0,35,,,east,2019-01-03 09:00:00,2019-01-03 10:00:00,,redispatch,2019-01-03 09:00:00,example_01d_base
216,0,3000,3000,0,35,,,south,2019-01-03 09:00:00,2019-01-03 10:00:00,,redispatch,2019-01-03 09:00:00,example_01d_base
217,3000,-0,-0,3000,47,,,west,2019-01-03 09:00:00,2019-01-03 10:00:00,,redispatch,2019-01-03 09:00:00,example_01d_base
218,0,-0,-0,0,35,,,north_1,2019-01-03 10:00:00,2019-01-03 11:00:00,,redispatch,2019-01-03 10:00:00,example_01d_base
219,0,-0,-0,0,35,,,north_2,2019-01-03 10:00:00,2019-01-03 11:00:00,,redispatch,2019-01-03 10:00:00,example_01d_base
220,0,-0,-0,0,35,,,east,2019-01-03 10:00:00,2019-01-03 11:00:00,,redispatch,2019-01-03 10:00:00,example_01d_base
221,0,2600,2600,0,35,,,south,2019-01-03 10:00:00,2019-01-03 11:00:00,,redispatch,2019-01-03 10:00:00,example_01d_base
222,2600,-0,-0,2600,47,,,west,2019-01-03 10:00:00,2019-01-03 11:00:00,,redispatch,2019-01-03 10:00:00,example_01d_base
223,0,-0,-0,0,35,,,north_1,2019-01-03 11:00:00,2019-01-03 12:00:00,,redispatch,2019-01-03 11:00:00,example_01d_base
224,0,-0,-0,0,35,,,north_2,2019-01-03 11:00:00,2019-01-03 12:00:00,,redispatch,2019-01-03 11:00:00,example_01d_base
225,0,-0,-0,0,35,,,east,2019-01-03 11:00:00,2019-01-03 12:00:00,,redispatch,2019-01-03 11:00:00,example_01d_base
226,0,2200,2200,0,35,,,south,2019-01-03 11:00:00,2019-01-03 12:00:00,,redispatch,2019-01-03 11:00:00,example_01d_base
227,2200,-0,-0,2200,47,,,west,2019-01-03 11:00:00,2019-01-03 12:00:00,,redispatch,2019-01-03 11:00:00,example_01d_base
228,0,-0,-0,0,36,,,north_1,2019-01-03 12:00:00,2019-01-03 13:00:00,,redispatch,2019-01-03 12:00:00,example_01d_base
229,0,-0,-0,0,36,,,north_2,2019-01-03 12:00:00,2019-01-03 13:00:00,,redispatch,2019-01-03 12:00:00,example_01d_base
230,0,-0,-0,0,36,,,east,2019-01-03 12:00:00,2019-01-03 13:00:00,,redispatch,2019-01-03 12:00:00,example_01d_base
231,0,1800,1800,0,36,,,south,2019-01-03 12:00:00,2019-01-03 13:00:00,,redispatch,2019-01-03 12:00:00,example_01d_base
232,1800,-0,-0,1800,46,,,west,2019-01-03 12:00:00,2019-01-03 13:00:00,,redispatch,2019-01-03 12:00:00,example_01d_base
233,0,-0,-0,0,36,,,north_1,2019-01-03 13:00:00,2019-01-03 14:00:00,,redispatch,2019-01-03 13:00:00,example_01d_base
234,0,-0,-0,0,36,,,north_2,2019-01-03 13:00:00,2019-01-03 14:00:00,,redispatch,2019-01-03 13:00:00,example_01d_base
235,0,-0,-0,0,36,,,east,2019-01-03 13:00:00,2019-01-03 14:00:00,,redispatch,2019-01-03 13:00:00,example_01d_base
236,0,1400,1400,0,36,,,south,2019-01-03 13:00:00,2019-01-03 14:00:00,,redispatch,2019-01-03 13:00:00,example_01d_base
237,1400,-0,-0,1400,46,,,west,2019-01-03 13:00:00,2019-01-03 14:00:00,,redispatch,2019-01-03 13:00:00,example_01d_base
238,0,-0,-0,0,36,,,north_1,2019-01-03 14:00:00,2019-01-03 15:00:00,,redispatch,2019-01-03 14:00:00,example_01d_base
239,0,-0,-0,0,36,,,north_2,2019-01-03 14:00:00,2019-01-03 15:00:00,,redispatch,2019-01-03 14:00:00,example_01d_base
240,0,-0,-0,0,36,,,east,2019-01-03 14:00:00,2019-01-03 15:00:00,,redispatch,2019-01-03 14:00:00,example_01d_base
241,0,1000,1000,0,36,,,south,2019-01-03 14:00:00,2019-01-03 15:00:00,,redispatch,2019-01-03 14:00:00,example_01d_base
242,1000,-0,-0,1000,45,,,west,2019-01-03 14:00:00,2019-01-03 15:00:00,,redispatch,2019-01-03 14:00:00,example_01d_base
243,0,-0,-0,0,36,,,north_1,2019-01-03 15:00:00,2019-01-03 16:00:00,,redispatch,2019-01-03 15:00:00,example_01d_base
244,0,-0,-0,0,36,,,north_2,2019-01-03 15:00:00,2019-01-03 16:00:00,,redispatch,2019-01-03 15:00:00,example_01d_base
245,0,-0,-0,0,36,,,east,2019-01-03 15:00:00,2019-01-03 16:00:00,,redispatch,2019-01-03 15:00:00,example_01d_base
246,0,600,600,0,36,,,south,2019-01-03 15:00:00,2019-01-03 16:00:00,,redispatch,2019-01-03 15:00:00,example_01d_base
247,600,-0,-0,600,45,,,west,2019-01-03 15:00:00,2019-01-03 16:00:00,,redispatch,2019-01-03 15:00:00,example_01d_base
248,0,-0,-0,0,37,,,north_1,2019-01-03 16:00:00,2019-01-03 17:00:00,,redispatch,2019-01-03 16:00:00,example_01d_base
249,0,-0,-0,0,37,,,north_2,2019-01-03 16:00:00,2019-01-03 17:00:00,,redispatch,2019-01-03 16:00:00,example_01d_base
250,0,-0,-0,0,37,,,east,2019-01-03 16:00:00,2019-01-03 17:00:00,,redispatch,2019-01-03 16:00:00,example_01d_base
251,0,200,200,0,37,,,south,2019-01-03 16:00:00,2019-01-03 17:00:00,,redispatch,2019-01-03 16:00:00,example_01d_base
252,200,-0,-0,200,45,,,west,2019-01-03 16:00:00,2019-01-03 17:00:00,,redispatch,2019-01-03 16:00:00,example_01d_base
253,0,-0,-0,0,37,,,north_1,2019-01-03 17:00:00,2019-01-03 18:00:00,,redispatch,2019-01-03 17:00:00,example_01d_base
254,0,-0,-0,0,37,,,north_2,2019-01-03 17:00:00,2019-01-03 18:00:00,,redispatch,2019-01-03 17:00:00,example_01d_base
255,0,-0,-0,0,37,,,east,2019-01-03 17:00:00,2019-01-03 18:00:00,,redispatch,2019-01-03 17:00:00,example_01d_base
256,0,2.2737e-13,2.2737e-13,0,37,,,south,2019-01-03 17:00:00,2019-01-03 18:00:00,,redispatch,2019-01-03 17:00:00,example_01d_base
257,0,-0,-0,0,37,,,west,2019-01-03 17:00:00,2019-01-03 18:00:00,,redispatch,2019-01-03 17:00:00,example_01d_base
258,0,-0,-0,0,37,,,north_1,2019-01-03 18:00:00,2019-01-03 19:00:00,,redispatch,2019-01-03 18:00:00,example_01d_base
259,0,-0,-0,0,37,,,north_2,2019-01-03 18:00:00,2019-01-03 19:00:00,,redispatch,2019-01-03 18:00:00,example_01d_base
260,0,-0,-0,0,37,,,east,2019-01-03 18:00:00,2019-01-03 19:00:00,,redispatch,2019-01-03 18:00:00,example_01d_base
261,0,-0,-0,0,37,,,south,2019-01-03 18:00:00,2019-01-03 19:00:00,,redispatch,2019-01-03 18:00:00,example_01d_base
262,0,-0,-0,0,37,,,west,2019-01-03 18:00:00,2019-01-03 19:00:00,,redispatch,2019-01-03 18:00:00,example_01d_base
263,0,-0,-0,0,36,,,north_1,2019-01-03 19:00:00,2019-01-03 20:00:00,,redispatch,2019-01-03 19:00:00,example_01d_base
264,0,-0,-0,0,36,,,north_2,2019-01-03 19:00:00,2019-01-03 20:00:00,,redispatch,2019-01-03 19:00:00,example_01d_base
265,0,-0,-0,0,36,,,east,2019-01-03 19:00:00,2019-01-03 20:00:00,,redispatch,2019-01-03 19:00:00,example_01d_base
266,2.2737e-13,-0,-0,2.2737e-13,36,,,south,2019-01-03 19:00:00,2019-01-03 20:00:00,,redispatch,2019-01-03 19:00:00,example_01d_base
267,0,-0,-0,0,36,,,west,2019-01-03 19:00:00,2019-01-03 20:00:00,,redispatch,2019-01-03 19:00:00,example_01d_base
268,0,-0,-0,0,36,,,north_1,2019-01-03 20:00:00,2019-01-03 21:00:00,,redispatch,2019-01-03 20:00:00,example_01d_base
269,0,-0,-0,0,36,,,north_2,2019-01-03 20:00:00,2019-01-03 21:00:00,,redispatch,2019-01-03 20:00:00,example_01d_base
270,0,-0,-0,0,36,,,east,2019-01-03 20:00:00,2019-01-03 21:00:00,,redispatch,2019-01-03 20:00:00,example_01d_base
271,0,-0,-0,0,36,,,south,2019-01-03 20:00:00,2019-01-03 21:00:00,,redispatch,2019-01-03 20:00:00,example_01d_base
272,0,-0,-0,0,36,,,west,2019-01-03 20:00:00,2019-01-03 21:00:00,,redispatch,2019-01-03 20:00:00,example_01d_base
273,0,-0,-0,0,36,,,north_1,2019-01-03 21:00:00,2019-01-03 22:00:00,,redispatch,2019-01-03 21:00:00,example_01d_base
274,0,-0,-0,0,36,,,north_2,2019-01-03 21:00:00,2019-01-03 22:00:00,,redispatch,2019-01-03 21:00:00,example_01d_base
275,0,-0,-0,0,36,,,east,2019-01-03 21:00:00,2019-01-03 22:00:00,,redispatch,2019-01-03 21:00:00,example_01d_base
276,0,-0,-0,0,36,,,south,2019-01-03 21:00:00,2019-01-03 22:00:00,,redispatch,2019-01-03 21:00:00,example_01d_base
277,0,-0,-0,0,36,,,west,2019-01-03 21:00:00,2019-01-03 22:00:00,,redispatch,2019-01-03 21:00:00,example_01d_base
278,0,-0,-0,0,36,,,north_1,2019-01-03 22:00:00,2019-01-03 23:00:00,,redispatch,2019-01-03 22:00:00,example_01d_base
279,0,-0,-0,0,36,,,north_2,2019-01-03 22:00:00,2019-01-03 23:00:00,,redispatch,2019-01-03 22:00:00,example_01d_base
280,0,-0,-0,0,36,,,east,2019-01-03 22:00:00,2019-01-03 23:00:00,,redispatch,2019-01-03 22:00:00,example_01d_base
281,0,-0,-0,0,36,,,south,2019-01-03 22:00:00,2019-01-03 23:00:00,,redispatch,2019-01-03 22:00:00,example_01d_base
282,0,-0,-0,0,36,,,west,2019-01-03 22:00:00,2019-01-03 23:00:00,,redispatch,2019-01-03 22:00:00,example_01d_base
283,0,-0,-0,0,36,,,north_1,2019-01-03 23:00:00,2019-01-04 00:00:00,,redispatch,2019-01-03 23:00:00,example_01d_base
284,0,-0,-0,0,36,,,north_2,2019-01-03 23:00:00,2019-01-04 00:00:00,,redispatch,2019-01-03 23:00:00,example_01d_base
285,0,-0,-0,0,36,,,east,2019-01-03 23:00:00,2019-01-04 00:00:00,,redispatch,2019-01-03 23:00:00,example_01d_base
286,2.2737e-13,-0,-0,2.2737e-13,36,,,south,2019-01-03 23:00:00,2019-01-04 00:00:00,,redispatch,2019-01-03 23:00:00,example_01d_base
287,0,-0,-0,0,36,,,west,2019-01-03 23:00:00,2019-01-04 00:00:00,,redispatch,2019-01-03 23:00:00,example_01d_base
288,34280,34280,34280,34280,39,39,39,,2019-01-04 00:00:00,2019-01-04 01:00:00,,EOM,2019-01-04 00:00:00,example_01d_base
289,34160,34160,34160,34160,39,39,39,,2019-01-04 01:00:00,2019-01-04 02:00:00,,EOM,2019-01-04 01:00:00,example_01d_base
290,34040,34040,34040,34040,39,39,39,,2019-01-04 02:00:00,2019-01-04 03:00:00,,EOM,2019-01-04 02:00:00,example_01d_base
291,33920,33920,33920,33920,38,38,38,,2019-01-04 03:00:00,2019-01-04 04:00:00,,EOM,2019-01-04 03:00:00,example_01d_base
292,33800,33800,33800,33800,38,38,38,,2019-01-04 04:00:00,2019-01-04 05:00:00,,EOM,2019-01-04 04:00:00,example_01d_base
293,33680,33680,33680,33680,38,38,38,,2019-01-04 05:00:00,2019-01-04 06:00:00,,EOM,2019-01-04 05:00:00,example_01d_base
294,33560,33560,33560,33560,38,38,38,,2019-01-04 06:00:00,2019-01-04 07:00:00,,EOM,2019-01-04 06:00:00,example_01d_base
295,33440,33440,33440,33440,38,38,38,,2019-01-04 07:00:00,2019-01-04 08:00:00,,EOM,2019-01-04 07:00:00,example_01d_base
296,33320,33320,33320,33320,38,38,38,,2019-01-04 08:00:00,2019-01-04 09:00:00,,EOM,2019-01-04 08:00:00,example_01d_base
297,33200,33200,33200,33200,38,38,38,,2019-01-04 09:00:00,2019-01-04 10:00:00,,EOM,2019-01-04 09:00:00,example_01d_base
298,33080,33080,33080,33080,38,38,38,,2019-01-04 10:00:00,2019-01-04 11:00:00,,EOM,2019-01-04 10:00:00,example_01d_base
299,32960,32960,32960,32960,37,37,37,,2019-01-04 11:00:00,2019-01-04 12:00:00,,EOM,2019-01-04 11:00:00,example_01d_base
300,32840,32840,32840,32840,37,37,37,,2019-01-04 12:00:00,2019-01-04 13:00:00,,EOM,2019-01-04 12:00:00,example_01d_base
301,32720,32720,32720,32720,37,37,37,,2019-01-04 13:00:00,2019-01-04 14:00:00,,EOM,2019-01-04 13:00:00,example_01d_base
302,32600,32600,32600,32600,37,37,37,,2019-01-04 14:00:00,2019-01-04 15:00:00,,EOM,2019-01-04 14:00:00,example_01d_base
303,32480,32480,32480,32480,37,37,37,,2019-01-04 15:00:00,2019-01-04 16:00:00,,EOM,2019-01-04 15:00:00,example_01d_base
304,32360,32360,32360,32360,37,37,37,,2019-01-04 16:00:00,2019-01-04 17:00:00,,EOM,2019-01-04 16:00:00,example_01d_base
305,32240,32240,32240,32240,37,37,37,,2019-01-04 17:00:00,2019-01-04 18:00:00,,EOM,2019-01-04 17:00:00,example_01d_base
306,32120,32120,32120,32120,37,37,37,,2019-01-04 18:00:00,2019-01-04 19:00:00,,EOM,2019-01-04 18:00:00,example_01d_base
307,32000,32000,32000,32000,36,36,36,,2019-01-04 19:00:00,2019-01-04 20:00:00,,EOM,2019-01-04 19:00:00,example_01d_base
308,31880,31880,31880,31880,36,36,36,,2019-01-04 20:00:00,2019-01-04 21:00:00,,EOM,2019-01-04 20:00:00,example_01d_base
309,31760,31760,31760,31760,36,36,36,,2019-01-04 21:00:00,2019-01-04 22:00:00,,EOM,2019-01-04 21:00:00,example_01d_base
310,31640,31640,31640,31640,36,36,36,,2019-01-04 22:00:00,2019-01-04 23:00:00,,EOM,2019-01-04 22:00:00,example_01d_base
311,31520,31520,31520,31520,36,36,36,,2019-01-04 23:00:00,2019-01-05 00:00:00,,EOM,2019-01-04 23:00:00,example_01d_base
312,0,-0,-0,0,29,,,north_1,2019-01-04 00:00:00,2019-01-04 01:00:00,,redispatch,2019-01-04 00:00:00,example_01d_base
313,0,1000,1000,0,24,,,north_2,2019-01-04 00:00:00,2019-01-04 01:00:00,,redispatch,2019-01-04 00:00:00,example_01d_base
314,0,320,320,0,29,,,east,2019-01-04 00:00:00,2019-01-04 01:00:00,,redispatch,2019-01-04 00:00:00,example_01d_base
315,0,5280,5280,0,34,,,south,2019-01-04 00:00:00,2019-01-04 01:00:00,,redispatch,2019-01-04 00:00:00,example_01d_base
316,6600,-0,-0,6600,51,,,west,2019-01-04 00:00:00,2019-01-04 01:00:00,,redispatch,2019-01-04 00:00:00,example_01d_base
317,0,-0,-0,0,28.5,,,north_1,2019-01-04 01:00:00,2019-01-04 02:00:00,,redispatch,2019-01-04 01:00:00,example_01d_base
318,0,20,20,0,24,,,north_2,2019-01-04 01:00:00,2019-01-04 02:00:00,,redispatch,2019-01-04 01:00:00,example_01d_base
319,0,1000,1000,0,28.5,,,east,2019-01-04 01:00:00,2019-01-04 02:00:00,,redispatch,2019-01-04 01:00:00,example_01d_base
320,0,5180,5180,0,33,,,south,2019-01-04 01:00:00,2019-01-04 02:00:00,,redispatch,2019-01-04 01:00:00,example_01d_base
321,6200,-0,-0,6200,51,,,west,2019-01-04 01:00:00,2019-01-04 02:00:00,,redispatch,2019-01-04 01:00:00,example_01d_base
322,0,-0,-0,0,33,,,north_1,2019-01-04 02:00:00,2019-01-04 03:00:00,,redispatch,2019-01-04 02:00:00,example_01d_base
323,0,-0,-0,0,33,,,north_2,2019-01-04 02:00:00,2019-01-04 03:00:00,,redispatch,2019-01-04 02:00:00,example_01d_base
324,0,-0,-0,0,33,,,east,2019-01-04 02:00:00,2019-01-04 03:00:00,,redispatch,2019-01-04 02:00:00,example_01d_base
325,0,5800,5800,0,33,,,south,2019-01-04 02:00:00,2019-01-04 03:00:00,,redispatch,2019-01-04 02:00:00,example_01d_base
326,5800,-0,-0,5800,50,,,west,2019-01-04 02:00:00,2019-01-04 03:00:00,,redispatch,2019-01-04 02:00:00,example_01d_base
327,0,-0,-0,0,33,,,north_1,2019-01-04 03:00:00,2019-01-04 04:00:00,,redispatch,2019-01-04 03:00:00,example_01d_base
328,0,-0,-0,0,33,,,north_2,2019-01-04 03:00:00,2019-01-04 04:00:00,,redispatch,2019-01-04 03:00:00,example_01d_base
329,0,-0,-0,0,33,,,east,2019-01-04 03:00:00,2019-01-04 04:00:00,,redispatch,2019-01-04 03:00:00,example_01d_base
330,0,5400,5400,0,33,,,south,2019-01-04 03:00:00,2019-01-04 04:00:00,,redispatch,2019-01-04 03:00:00,example_01d_base
331,5400,-0,-0,5400,50,,,west,2019-01-04 03:00:00,2019-01-04 04:00:00,,redispatch,2019-01-04 03:00:00,example_01d_base
332,0,-0,-0,0,33,,,north_1,2019-01-04 04:00:00,2019-01-04 05:00:00,,redispatch,2019-01-04 04:00:00,example_01d_base
333,0,-0,-0,0,33,,,north_2,2019-01-04 04:00:00,2019-01-04 05:00:00,,redispatch,2019-01-04 04:00:00,example_01d_base
334,0,-0,-0,0,33,,,east,2019-01-04 04:00:00,2019-01-04 05:00:00,,redispatch,2019-01-04 04:00:00,example_01d_base
335,0,5000,5000,0,33,,,south,2019-01-04 04:00:00,2019-01-04 05:00:00,,redispatch,2019-01-04 04:00:00,example_01d_base
336,5000,-0,-0,5000,49,,,west,2019-01-04 04:00:00,2019-01-04 05:00:00,,redispatch,2019-01-04 04:00:00,example_01d_base
337,0,-0,-0,0,34,,,north_1,2019-01-04 05:00:00,2019-01-04 06:00:00,,redispatch,2019-01-04 05:00:00,example_01d_base
338,0,-0,-0,0,34,,,north_2,2019-01-04 05:00:00,2019-01-04 06:00:00,,redispatch,2019-01-04 05:00:00,example_01d_base
339,0,-0,-0,0,34,,,east,2019-01-04 05:00:00,2019-01-04 06:00:00,,redispatch,2019-01-04 05:00:00,example_01d_base
340,0,4600,4600,0,34,,,south,2019-01-04 05:00:00,2019-01-04 06:00:00,,redispatch,2019-01-04 05:00:00,example_01d_base
341,4600,-0,-0,4600,49,,,west,2019-01-04 05:00:00,2019-01-04 06:00:00,,redispatch,2019-01-04 05:00:00,example_01d_base
342,0,-0,-0,0,34,,,north_1,2019-01-04 06:00:00,2019-01-04 07:00:00,,redispatch,2019-01-04 06:00:00,example_01d_base
343,0,-0,-0,0,34,,,north_2,2019-01-04 06:00:00,2019-01-04 07:00:00,,redispatch,2019-01-04 06:00:00,example_01d_base
344,0,-0,-0,0,34,,,east,2019-01-04 06:00:00,2019-01-04 07:00:00,,redispatch,2019-01-04 06:00:00,example_01d_base
345,0,4200,4200,0,34,,,south,2019-01-04 06:00:00,2019-01-04 07:00:00,,redispatch,2019-01-04 06:00:00,example_01d_base
346,4200,-0,-0,4200,49,,,west,2019-01-04 06:00:00,2019-01-04 07:00:00,,redispatch,2019-01-04 06:00:00,example_01d_base
347,0,-0,-0,0,34,,,north_1,2019-01-04 07:00:00,2019-01-04 08:00:00,,redispatch,2019-01-04 07:00:00,example_01d_base
348,0,-0,-0,0,34,,,north_2,2019-01-04 07:00:00,2019-01-04 08:00:00,,redispatch,2019-01-04 07:00:00,example_01d_base
349,0,-0,-0,0,34,,,east,2019-01-04 07:00:00,2019-01-04 08:00:00,,redispatch,2019-01-04 07:00:00,example_01d_base
350,0,3800,3800,0,34,,,south,2019-01-04 07:00:00,2019-01-04 08:00:00,,redispatch,2019-01-04 07:00:00,example_01d_base
351,3800,-0,-0,3800,48,,,west,2019-01-04 07:00:00,2019-01-04 08:00:00,,redispatch,2019-01-04 07:00:00,example_01d_base
352,0,-0,-0,0,34,,,north_1,2019-01-04 08:00:00,2019-01-04 09:00:00,,redispatch,2019-01-04 08:00:00,example_01d_base
353,0,-0,-0,0,34,,,north_2,2019-01-04 08:00:00,2019-01-04 09:00:00,,redispatch,2019-01-04 08:00:00,example_01d_base
354,0,-0,-0,0,34,,,east,2019-01-04 08:00:00,2019-01-04 09:00:00,,redispatch,2019-01-04 08:00:00,example_01d_base
355,0,3400,3400,0,34,,,south,2019-01-04 08:00:00,2019-01-04 09:00:00,,redispatch,2019-01-04 08:00:00,example_01d_base
356,3400,-0,-0,3400,48,,,west,2019-01-04 08:00:00,2019-01-04 09:00:00,,redispatch,2019-01-04 08:00:00,example_01d_base
357,0,-0,-0,0,35,,,north_1,2019-01-04 09:00:00,2019-01-04 10:00:00,,redispatch,2019-01-04 09:00:00,example_01d_base
358,0,-0,-0,0,35,,,north_2,2019-01-04 09:00:00,2019-01-04 10:00:00,,redispatch,2019-01-04 09:00:00,example_01d_base
359,0,-0,-0,0,35,,,east,2019-01-04 09:00:00,2019-01-04 10:00:00,,redispatch,2019-01-04 09:00:00,example_01d_base
360,0,3000,3000,0,35,,,south,2019-01-04 09:00:00,2019-01-04 10:00:00,,redispatch,2019-01-04 09:00:00,example_01d_base
361,3000,-0,-0,3000,47,,,west,2019-01-04 09:00:00,2019-01-04 10:00:00,,redispatch,2019-01-04 09:00:00,example_01d_base
362,0,-0,-0,0,35,,,north_1,2019-01-04 10:00:00,2019-01-04 11:00:00,,redispatch,2019-01-04 10:00:00,example_01d_base
363,0,-0,-0,0,35,,,north_2,2019-01-04 10:00:00,2019-01-04 11:00:00,,redispatch,2019-01-04 10:00:00,example_01d_base
364,0,-0,-0,0,35,,,east,2019-01-04 10:00:00,2019-01-04 11:00:00,,redispatch,2019-01-04 10:00:00,example_01d_base
365,0,2600,2600,0,35,,,south,2019-01-04 10:00:00,2019-01-04 11:00:00,,redispatch,2019-01-04 10:00:00,example_01d_base
366,2600,-0,-0,2600,47,,,west,2019-01-04 10:00:00,2019-01-04 11:00:00,,redispatch,2019-01-04 10:00:00,example_01d_base
367,0,-0,-0,0,35,,,north_1,2019-01-04 11:00:00,2019-01-04 12:00:00,,redispatch,2019-01-04 11:00:00,example_01d_base
368,0,-0,-0,0,35,,,north_2,2019-01-04 11:00:00,2019-01-04 12:00:00,,redispatch,2019-01-04 11:00:00,example_01d_base
369,0,-0,-0,0,35,,,east,2019-01-04 11:00:00,2019-01-04 12:00:00,,redispatch,2019-01-04 11:00:00,example_01d_base
370,0,2200,2200,0,35,,,south,2019-01-04 11:00:00,2019-01-04 12:00:00,,redispatch,2019-01-04 11:00:00,example_01d_base
371,2200,-0,-0,2200,47,,,west,2019-01-04 11:00:00,2019-01-04 12:00:00,,redispatch,2019-01-04 11:00:00,example_01d_base
372,0,-0,-0,0,36,,,north_1,2019-01-04 12:00:00,2019-01-04 13:00:00,,redispatch,2019-01-04 12:00:00,example_01d_base
373,0,-0,-0,0,36,,,north_2,2019-01-04 12:00:00,2019-01-04 13:00:00,,redispatch,2019-01-04 12:00:00,example_01d_base
374,0,-0,-0,0,36,,,east,2019-01-04 12:00:00,2019-01-04 13:00:00,,redispatch,2019-01-04 12:00:00,example_01d_base
375,0,1800,1800,0,36,,,south,2019-01-04 12:00:00,2019-01-04 13:00:00,,redispatch,2019-01-04 12:00:00,example_01d_base
376,1800,-0,-0,1800,46,,,west,2019-01-04 12:00:00,2019-01-04 13:00:00,,redispatch,2019-01-04 12:00:00,example_01d_base
377,0,-0,-0,0,36,,,north_1,2019-01-04 13:00:00,2019-01-04 14:00:00,,redispatch,2019-01-04 13:00:00,example_01d_base
378,0,-0,-0,0,36,,,north_2,2019-01-04 13:00:00,2019-01-04 14:00:00,,redispatch,2019-01-04 13:00:00,example_01d_base
379,0,-0,-0,0,36,,,east,2019-01-04 13:00:00,2019-01-04 14:00:00,,redispatch,2019-01-04 13:00:00,example_01d_base
380,0,1400,1400,0,36,,,south,2019-01-04 13:00:00,2019-01-04 14:00:00,,redispatch,2019-01-04 13:00:00,example_01d_base
381,1400,-0,-0,1400,46,,,west,2019-01-04 13:00:00,2019-01-04 14:00:00,,redispatch,2019-01-04 13:00:00,example_01d_base
382,0,-0,-0,0,36,,,north_1,2019-01-04 14:00:00,2019-01-04 15:00:00,,redispatch,2019-01-04 14:00:00,example_01d_base
383,0,-0,-0,0,36,,,north_2,2019-01-04 14:00:00,2019-01-04 15:00:00,,redispatch,2019-01-04 14:00:00,example_01d_base
384,0,-0,-0,0,36,,,east,2019-01-04 14:00:00,2019-01-04 15:00:00,,redispatch,2019-01-04 14:00:00,example_01d_base
385,0,1000,1000,0,36,,,south,2019-01-04 14:00:00,2019-01-04 15:00:00,,redispatch,2019-01-04 14:00:00,example_01d_base
386,1000,-0,-0,1000,45,,,west,2019-01-04 14:00:00,2019-01-04 15:00:00,,redispatch,2019-01-04 14:00:00,example_01d_base
387,0,-0,-0,0,36,,,north_1,2019-01-04 15:00:00,2019-01-04 16:00:00,,redispatch,2019-01-04 15:00:00,example_01d_base
388,0,-0,-0,0,36,,,north_2,2019-01-04 15:00:00,2019-01-04 16:00:00,,redispatch,2019-01-04 15:00:00,example_01d_base
389,0,-0,-0,0,36,,,east,2019-01-04 15:00:00,2019-01-04 16:00:00,,redispatch,2019-01-04 15:00:00,example_01d_base
390,0,600,600,0,36,,,south,2019-01-04 15:00:00,2019-01-04 16:00:00,,redispatch,2019-01-04 15:00:00,example_01d_base
391,600,-0,-0,600,45,,,west,2019-01-04 15:00:00,2019-01-04 16:00:00,,redispatch,2019-01-04 15:00:00,example_01d_base
392,0,-0,-0,0,37,,,north_1,2019-01-04 16:00:00,2019-01-04 17:00:00,,redispatch,2019-01-04 16:00:00,example_01d_base
393,0,-0,-0,0,37,,,north_2,2019-01-04 16:00:00,2019-01-04 17:00:00,,redispatch,2019-01-04 16:00:00,example_01d_base
394,0,-0,-0,0,37,,,east,2019-01-04 16:00:00,2019-01-04 17:00:00,,redispatch,2019-01-04 16:00:00,example_01d_base
395,0,200,200,0,37,,,south,2019-01-04 16:00:00,2019-01-04 17:00:00,,redispatch,2019-01-04 16:00:00,example_01d_base
396,200,-0,-0,200,45,,,west,2019-01-04 16:00:00,2019-01-04 17:00:00,,redispatch,2019-01-04 16:00:00,example_01d_base
397,0,-0,-0,0,37,,,north_1,2019-01-04 17:00:00,2019-01-04 18:00:00,,redispatch,2019-01-04 17:00:00,example_01d_base
398,0,-0,-0,0,37,,,north_2,2019-01-04 17:00:00,2019-01-04 18:00:00,,redispatch,2019-01-04 17:00:00,example_01d_base
399,0,-0,-0,0,37,,,east,2019-01-04 17:00:00,2019-01-04 18:00:00,,redispatch,2019-01-04 17:00:00,example_01d_base
400,0,2.2737e-13,2.2737e-13,0,37,,,south,2019-01-04 17:00:00,2019-01-04 18:00:00,,redispatch,2019-01-04 17:00:00,example_01d_base
401,0,-0,-0,0,37,,,west,2019-01-04 17:00:00,2019-01-04 18:00:00,,redispatch,2019-01-04 17:00:00,example_01d_base
402,0,-0,-0,0,37,,,north_1,2019-01-04 18:00:00,2019-01-04 19:00:00,,redispatch,2019-01-04 18:00:00,example_01d_base
403,0,-0,-0,0,37,,,north_2,2019-01-04 18:00:00,2019-01-04 19:00:00,,redispatch,2019-01-04 18:00:00,example_01d_base
404,0,-0,-0,0,37,,,east,2019-01-04 18:00:00,2019-01-04 19:00:00,,redispatch,2019-01-04 18:00:00,example_01d_base
405,0,-0,-0,0,37,,,south,2019-01-04 18:00:00,2019-01-04 19:00:00,,redispatch,2019-01-04 18:00:00,example_01d_base
406,0,-0,-0,0,37,,,west,2019-01-04 18:00:00,2019-01-04 19:00:00,,redispatch,2019-01-04 18:00:00,example_01d_base
407,0,-0,-0,0,36,,,north_1,2019-01-04 19:00:00,2019-01-04 20:00:00,,redispatch,2019-01-04 19:00:00,example_01d_base
408,0,-0,-0,0,36,,,north_2,2019-01-04 19:00:00,2019-01-04 20:00:00,,redispatch,2019-01-04 19:00:00,example_01d_base
409,0,-0,-0,0,36,,,east,2019-01-04 19:00:00,2019-01-04 20:00:00,,redispatch,2019-01-04 19:00:00,example_01d_base
410,2.2737e-13,-0,-0,2.2737e-13,36,,,south,2019-01-04 19:00:00,2019-01-04 20:00:00,,redispatch,2019-01-04 19:00:00,example_01d_base
411,0,-0,-0,0,36,,,west,2019-01-04 19:00:00,2019-01-04 20:00:00,,redispatch,2019-01-04 19:00:00,example_01d_base
412,0,-0,-0,0,36,,,north_1,2019-01-04 20:00:00,2019-01-04 21:00:00,,redispatch,2019-01-04 20:00:00,example_01d_base
413,0,-0,-0,0,36,,,north_2,2019-01-04 20:00:00,2019-01-04 21:00:00,,redispatch,2019-01-04 20:00:00,example_01d_base
414,0,-0,-0,0,36,,,east,2019-01-04 20:00:00,2019-01-04 21:00:00,,redispatch,2019-01-04 20:00:00,example_01d_base
415,0,-0,-0,0,36,,,south,2019-01-04 20:00:00,2019-01-04 21:00:00,,redispatch,2019-01-04 20:00:00,example_01d_base
416,0,-0,-0,0,36,,,west,2019-01-04 20:00:00,2019-01-04 21:00:00,,redispatch,2019-01-04 20:00:00,example_01d_base
417,0,-0,-0,0,36,,,north_1,2019-01-04 21:00:00,2019-01-04 22:00:00,,redispatch,2019-01-04 21:00:00,example_01d_base
418,0,-0,-0,0,36,,,north_2,2019-01-04 21:00:00,2019-01-04 22:00:00,,redispatch,2019-01-04 21:00:00,example_01d_base
419,0,-0,-0,0,36,,,east,2019-01-04 21:00:00,2019-01-04 22:00:00,,redispatch,2019-01-04 21:00:00,example_01d_base
420,0,-0,-0,0,36,,,south,2019-01-04 21:00:00,2019-01-04 22:00:00,,redispatch,2019-01-04 21:00:00,example_01d_base
421,0,-0,-0,0,36,,,west,2019-01-04 21:00:00,2019-01-04 22:00:00,,redispatch,2019-01-04 21:00:00,example_01d_base
422,0,-0,-0,0,36,,,north_1,2019-01-04 22:00:00,2019-01-04 23:00:00,,redispatch,2019-01-04 22:00:00,example_01d_base
423,0,-0,-0,0,36,,,north_2,2019-01-04 22:00:00,2019-01-04 23:00:00,,redispatch,2019-01-04 22:00:00,example_01d_base
424,0,-0,-0,0,36,,,east,2019-01-04 22:00:00,2019-01-04 23:00:00,,redispatch,2019-01-04 22:00:00,example_01d_base
425,0,-0,-0,0,36,,,south,2019-01-04 22:00:00,2019-01-04 23:00:00,,redispatch,2019-01-04 22:00:00,example_01d_base
426,0,-0,-0,0,36,,,west,2019-01-04 22:00:00,2019-01-04 23:00:00,,redispatch,2019-01-04 22:00:00,example_01d_base
427,0,-0,-0,0,36,,,north_1,2019-01-04 23:00:00,2019-01-05 00:00:00,,redispatch,2019-01-04 23:00:00,example_01d_base
428,0,-0,-0,0,36,,,north_2,2019-01-04 23:00:00,2019-01-05 00:00:00,,redispatch,2019-01-04 23:00:00,example_01d_base
429,0,-0,-0,0,36,,,east,2019-01-04 23:00:00,2019-01-05 00:00:00,,redispatch,2019-01-04 23:00:00,example_01d_base
430,2.2737e-13,-0,-0,2.2737e-13,36,,,south,2019-01-04 23:00:00,2019-01-05 00:00:00,,redispatch,2019-01-04 23:00:00,example_01d_base
431,0,-0,-0,0,36,,,west,2019-01-04 23:00:00,2019-01-05 00:00:00,,redispatch,2019-01-04 23:00:00,example_01d_base
432,34280,34280,34280,34280,39,39,39,,2019-01-05 00:00:00,2019-01-05 01:00:00,,EOM,2019-01-05 00:00:00,example_01d_base
433,34160,34160,34160,34160,39,39,39,,2019-01-05 01:00:00,2019-01-05 02:00:00,,EOM,2019-01-05 01:00:00,example_01d_base
434,34040,34040,34040,34040,39,39,39,,2019-01-05 02:00:00,2019-01-05 03:00:00,,EOM,2019-01-05 02:00:00,example_01d_base
435,33920,33920,33920,33920,38,38,38,,2019-01-05 03:00:00,2019-01-05 04:00:00,,EOM,2019-01-05 03:00:00,example_01d_base
436,33800,33800,33800,33800,38,38,38,,2019-01-05 04:00:00,2019-01-05 05:00:00,,EOM,2019-01-05 04:00:00,example_01d_base
437,33680,33680,33680,33680,38,38,38,,2019-01-05 05:00:00,2019-01-05 06:00:00,,EOM,2019-01-05 05:00:00,example_01d_base
438,33560,33560,33560,33560,38,38,38,,2019-01-05 06:00:00,2019-01-05 07:00:00,,EOM,2019-01-05 06:00:00,example_01d_base
439,33440,33440,33440,33440,38,38,38,,2019-01-05 07:00:00,2019-01-05 08:00:00,,EOM,2019-01-05 07:00:00,example_01d_base
440,33320,33320,33320,33320,38,38,38,,2019-01-05 08:00:00,2019-01-05 09:00:00,,EOM,2019-01-05 08:00:00,example_01d_base
441,33200,33200,33200,33200,38,38,38,,2019-01-05 09:00:00,2019-01-05 10:00:00,,EOM,2019-01-05 09:00:00,example_01d_base
442,33080,33080,33080,33080,38,38,38,,2019-01-05 10:00:00,2019-01-05 11:00:00,,EOM,2019-01-05 10:00:00,example_01d_base
443,32960,32960,32960,32960,37,37,37,,2019-01-05 11:00:00,2019-01-05 12:00:00,,EOM,2019-01-05 11:00:00,example_01d_base
444,32840,32840,32840,32840,37,37,37,,2019-01-05 12:00:00,2019-01-05 13:00:00,,EOM,2019-01-05 12:00:00,example_01d_base
445,32720,32720,32720,32720,37,37,37,,2019-01-05 13:00:00,2019-01-05 14:00:00,,EOM,2019-01-05 13:00:00,example_01d_base
446,32600,32600,32600,32600,37,37,37,,2019-01-05 14:00:00,2019-01-05 15:00:00,,EOM,2019-01-05 14:00:00,example_01d_base
447,32480,32480,32480,32480,37,37,37,,2019-01-05 15:00:00,2019-01-05 16:00:00,,EOM,2019-01-05 15:00:00,example_01d_base
448,32360,32360,32360,32360,37,37,37,,2019-01-05 16:00:00,2019-01-05 17:00:00,,EOM,2019-01-05 16:00:00,example_01d_base
449,32240,32240,32240,32240,37,37,37,,2019-01-05 17:00:00,2019-01-05 18:00:00,,EOM,2019-01-05 17:00:00,example_01d_base
450,32120,32120,32120,32120,37,37,37,,2019-01-05 18:00:00,2019-01-05 19:00:00,,EOM,2019-01-05 18:00:00,example_01d_base
451,32000,32000,32000,32000,36,36,36,,2019-01-05 19:00:00,2019-01-05 20:00:00,,EOM,2019-01-05 19:00:00,example_01d_base
452,31880,31880,31880,31880,36,36,36,,2019-01-05 20:00:00,2019-01-05 21:00:00,,EOM,2019-01-05 20:00:00,example_01d_base
453,31760,31760,31760,31760,36,36,36,,2019-01-05 21:00:00,2019-01-05 22:00:00,,EOM,2019-01-05 21:00:00,example_01d_base
454,31640,31640,31640,31640,36,36,36,,2019-01-05 22:00:00,2019-01-05 23:00:00,,EOM,2019-01-05 22:00:00,example_01d_base
455,31520,31520,31520,31520,36,36,36,,2019-01-05 23:00:00,2019-01-06 00:00:00,,EOM,2019-01-05 23:00:00,example_01d_base
456,0,-0,-0,0,29,,,north_1,2019-01-05 00:00:00,2019-01-05 01:00:00,,redispatch,2019-01-05 00:00:00,example_01d_base
457,0,1000,1000,0,24,,,north_2,2019-01-05 00:00:00,2019-01-05 01:00:00,,redispatch,2019-01-05 00:00:00,example_01d_base
458,0,320,320,0,29,,,east,2019-01-05 00:00:00,2019-01-05 01:00:00,,redispatch,2019-01-05 00:00:00,example_01d_base
459,0,5280,5280,0,34,,,south,2019-01-05 00:00:00,2019-01-05 01:00:00,,redispatch,2019-01-05 00:00:00,example_01d_base
460,6600,-0,-0,6600,51,,,west,2019-01-05 00:00:00,2019-01-05 01:00:00,,redispatch,2019-01-05 00:00:00,example_01d_base
461,0,-0,-0,0,28.5,,,north_1,2019-01-05 01:00:00,2019-01-05 02:00:00,,redispatch,2019-01-05 01:00:00,example_01d_base
462,0,20,20,0,24,,,north_2,2019-01-05 01:00:00,2019-01-05 02:00:00,,redispatch,2019-01-05 01:00:00,example_01d_base
463,0,1000,1000,0,28.5,,,east,2019-01-05 01:00:00,2019-01-05 02:00:00,,redispatch,2019-01-05 01:00:00,example_01d_base
464,0,5180,5180,0,33,,,south,2019-01-05 01:00:00,2019-01-05 02:00:00,,redispatch,2019-01-05 01:00:00,example_01d_base
465,6200,-0,-0,6200,51,,,west,2019-01-05 01:00:00,2019-01-05 02:00:00,,redispatch,2019-01-05 01:00:00,example_01d_base
466,0,-0,-0,0,33,,,north_1,2019-01-05 02:00:00,2019-01-05 03:00:00,,redispatch,2019-01-05 02:00:00,example_01d_base
467,0,-0,-0,0,33,,,north_2,2019-01-05 02:00:00,2019-01-05 03:00:00,,redispatch,2019-01-05 02:00:00,example_01d_base
468,0,-0,-0,0,33,,,east,2019-01-05 02:00:00,2019-01-05 03:00:00,,redispatch,2019-01-05 02:00:00,example_01d_base
469,0,5800,5800,0,33,,,south,2019-01-05 02:00:00,2019-01-05 03:00:00,,redispatch,2019-01-05 02:00:00,example_01d_base
470,5800,-0,-0,5800,50,,,west,2019-01-05 02:00:00,2019-01-05 03:00:00,,redispatch,2019-01-05 02:00:00,example_01d_base
471,0,-0,-0,0,33,,,north_1,2019-01-05 03:00:00,2019-01-05 04:00:00,,redispatch,2019-01-05 03:00:00,example_01d_base
472,0,-0,-0,0,33,,,north_2,2019-01-05 03:00:00,2019-01-05 04:00:00,,redispatch,2019-01-05 03:00:00,example_01d_base
473,0,-0,-0,0,33,,,east,2019-01-05 03:00:00,2019-01-05 04:00:00,,redispatch,2019-01-05 03:00:00,example_01d_base
474,0,5400,5400,0,33,,,south,2019-01-05 03:00:00,2019-01-05 04:00:00,,redispatch,2019-01-05 03:00:00,example_01d_base
475,5400,-0,-0,5400,50,,,west,2019-01-05 03:00:00,2019-01-05 04:00:00,,redispatch,2019-01-05 03:00:00,example_01d_base
476,0,-0,-0,0,33,,,north_1,2019-01-05 04:00:00,2019-01-05 05:00:00,,redispatch,2019-01-05 04:00:00,example_01d_base
477,0,-0,-0,0,33,,,north_2,2019-01-05 04:00:00,2019-01-05 05:00:00,,redispatch,2019-01-05 04:00:00,example_01d_base
478,0,-0,-0,0,33,,,east,2019-01-05 04:00:00,2019-01-05 05:00:00,,redispatch,2019-01-05 04:00:00,example_01d_base
479,0,5000,5000,0,33,,,south,2019-01-05 04:00:00,2019-01-05 05:00:00,,redispatch,2019-01-05 04:00:00,example_01d_base
480,5000,-0,-0,5000,49,,,west,2019-01-05 04:00:00,2019-01-05 05:00:00,,redispatch,2019-01-05 04:00:00,example_01d_base
481,0,-0,-0,0,34,,,north_1,2019-01-05 05:00:00,2019-01-05 06:00:00,,redispatch,2019-01-05 05:00:00,example_01d_base
482,0,-0,-0,0,34,,,north_2,2019-01-05 05:00:00,2019-01-05 06:00:00,,redispatch,2019-01-05 05:00:00,example_01d_base
483,0,-0,-0,0,34,,,east,2019-01-05 05:00:00,2019-01-05 06:00:00,,redispatch,2019-01-05 05:00:00,example_01d_base
484,0,4600,4600,0,34,,,south,2019-01-05 05:00:00,2019-01-05 06:00:00,,redispatch,2019-01-05 05:00:00,example_01d_base
485,4600,-0,-0,4600,49,,,west,2019-01-05 05:00:00,2019-01-05 06:00:00,,redispatch,2019-01-05 05:00:00,example_01d_base
486,0,-0,-0,0,34,,,north_1,2019-01-05 06:00:00,2019-01-05 07:00:00,,redispatch,2019-01-05 06:00:00,example_01d_base
487,0,-0,-0,0,34,,,north_2,2019-01-05 06:00:00,2019-01-05 07:00:00,,redispatch,2019-01-05 06:00:00,example_01d_base
488,0,-0,-0,0,34,,,east,2019-01-05 06:00:00,2019-01-05 07:00:00,,redispatch,2019-01-05 06:00:00,example_01d_base
489,0,4200,4200,0,34,,,south,2019-01-05 06:00:00,2019-01-05 07:00:00,,redispatch,2019-01-05 06:00:00,example_01d_base
490,4200,-0,-0,4200,49,,,west,2019-01-05 06:00:00,2019-01-05 07:00:00,,redispatch,2019-01-05 06:00:00,example_01d_base
491,0,-0,-0,0,34,,,north_1,2019-01-05 07:00:00,2019-01-05 08:00:00,,redispatch,2019-01-05 07:00:00,example_01d_base
492,0,-0,-0,0,34,,,north_2,2019-01-05 07:00:00,2019-01-05 08:00:00,,redispatch,2019-01-05 07:00:00,example_01d_base
493,0,-0,-0,0,34,,,east,2019-01-05 07:00:00,2019-01-05 08:00:00,,redispatch,2019-01-05 07:00:00,example_01d_base
494,0,3800,3800,0,34,,,south,2019-01-05 07:00:00,2019-01-05 08:00:00,,redispatch,2019-01-05 07:00:00,example_01d_base
495,3800,-0,-0,3800,48,,,west,2019-01-05 07:00:00,2019-01-05 08:00:00,,redispatch,2019-01-05 07:00:00,example_01d_base
496,0,-0,-0,0,34,,,north_1,2019-01-05 08:00:00,2019-01-05 09:00:00,,redispatch,2019-01-05 08:00:00,example_01d_base
497,0,-0,-0,0,34,,,north_2,2019-01-05 08:00:00,2019-01-05 09:00:00,,redispatch,2019-01-05 08:00:00,example_01d_base
498,0,-0,-0,0,34,,,east,2019-01-05 08:00:00,2019-01-05 09:00:00,,redispatch,2019-01-05 08:00:00,example_01d_base
499,0,3400,3400,0,34,,,south,2019-01-05 08:00:00,2019-01-05 09:00:00,,redispatch,2019-01-05 08:00:00,example_01d_base
500,3400,-0,-0,3400,48,,,west,2019-01-05 08:00:00,2019-01-05 09:00:00,,redispatch,2019-01-05 08:00:00,example_01d_base
501,0,-0,-0,0,35,,,north_1,2019-01-05 09:00:00,2019-01-05 10:00:00,,redispatch,2019-01-05 09:00:00,example_01d_base
502,0,-0,-0,0,35,,,north_2,2019-01-05 09:00:00,2019-01-05 10:00:00,,redispatch,2019-01-05 09:00:00,example_01d_base
503,0,-0,-0,0,35,,,east,2019-01-05 09:00:00,2019-01-05 10:00:00,,redispatch,2019-01-05 09:00:00,example_01d_base
504,0,3000,3000,0,35,,,south,2019-01-05 09:00:00,2019-01-05 10:00:00,,redispatch,2019-01-05 09:00:00,example_01d_base
505,3000,-0,-0,3000,47,,,west,2019-01-05 09:00:00,2019-01-05 10:00:00,,redispatch,2019-01-05 09:00:00,example_01d_base
506,0,-0,-0,0,35,,,north_1,2019-01-05 10:00:00,2019-01-05 11:00:00,,redispatch,2019-01-05 10:00:00,example_01d_base
507,0,-0,-0,0,35,,,north_2,2019-01-05 10:00:00,2019-01-05 11:00:00,,redispatch,2019-01-05 10:00:00,example_01d_base
508,0,-0,-0,0,35,,,east,2019-01-05 10:00:00,2019-01-05 11:00:00,,redispatch,2019-01-05 10:00:00,example_01d_base
509,0,2600,2600,0,35,,,south,2019-01-05 10:00:00,2019-01-05 11:00:00,,redispatch,2019-01-05 10:00:00,example_01d_base
510,2600,-0,-0,2600,47,,,west,2019-01-05 10:00:00,2019-01-05 11:00:00,,redispatch,2019-01-05 10:00:00,example_01d_base
511,0,-0,-0,0,35,,,north_1,2019-01-05 11:00:00,2019-01-05 12:00:00,,redispatch,2019-01-05 11:00:00,example_01d_base
512,0,-0,-0,0,35,,,north_2,2019-01-05 11:00:00,2019-01-05 12:00:00,,redispatch,2019-01-05 11:00:00,example_01d_base
513,0,-0,-0,0,35,,,east,2019-01-05 11:00:00,2019-01-05 12:00:00,,redispatch,2019-01-05 11:00:00,example_01d_base
514,0,2200,2200,0,35,,,south,2019-01-05 11:00:00,2019-01-05 12:00:00,,redispatch,2019-01-05 11:00:00,example_01d_base
515,2200,-0,-0,2200,47,,,west,2019-01-05 11:00:00,2019-01-05 12:00:00,,redispatch,2019-01-05 11:00:00,example_01d_base
516,0,-0,-0,0,36,,,north_1,2019-01-05 12:00:00,2019-01-05 13:00:00,,redispatch,2019-01-05 12:00:00,example_01d_base
517,0,-0,-0,0,36,,,north_2,2019-01-05 12:00:00,2019-01-05 13:00:00,,redispatch,2019-01-05 12:00:00,example_01d_base
518,0,-0,-0,0,36,,,east,2019-01-05 12:00:00,2019-01-05 13:00:00,,redispatch,2019-01-05 12:00:00,example_01d_base
519,0,1800,1800,0,36,,,south,2019-01-05 12:00:00,2019-01-05 13:00:00,,redispatch,2019-01-05 12:00:00,example_01d_base
520,1800,-0,-0,1800,46,,,west,2019-01-05 12:00:00,2019-01-05 13:00:00,,redispatch,2019-01-05 12:00:00,example_01d_base
521,0,-0,-0,0,36,,,north_1,2019-01-05 13:00:00,2019-01-05 14:00:00,,redispatch,2019-01-05 13:00:00,example_01d_base
522,0,-0,-0,0,36,,,north_2,2019-01-05 13:00:00,2019-01-05 14:00:00,,redispatch,2019-01-05 13:00:00,example_01d_base
523,0,-0,-0,0,36,,,east,2019-01-05 13:00:00,2019-01-05 14:00:00,,redispatch,2019-01-05 13:00:00,example_01d_base
524,0,1400,1400,0,36,,,south,2019-01-05 13:00:00,2019-01-05 14:00:00,,redispatch,2019-01-05 13:00:00,example_01d_base
525,1400,-0,-0,1400,46,,,west,2019-01-05 13:00:00,2019-01-05 14:00:00,,redispatch,2019-01-05 13:00:00,example_01d_base
526,0,-0,-0,0,36,,,north_1,2019-01-05 14:00:00,2019-01-05 15:00:00,,redispatch,2019-01-05 14:00:00,example_01d_base
527,0,-0,-0,0,36,,,north_2,2019-01-05 14:00:00,2019-01-05 15:00:00,,redispatch,2019-01-05 14:00:00,example_01d_base
528,0,-0,-0,0,36,,,east,2019-01-05 14:00:00,2019-01-05 15:00:00,,redispatch,2019-01-05 14:00:00,example_01d_base
529,0,1000,1000,0,36,,,south,2019-01-05 14:00:00,2019-01-05 15:00:00,,redispatch,2019-01-05 14:00:00,example_01d_base
530,1000,-0,-0,1000,45,,,west,2019-01-05 14:00:00,2019-01-05 15:00:00,,redispatch,2019-01-05 14:00:00,example_01d_base
531,0,-0,-0,0,36,,,north_1,2019-01-05 15:00:00,2019-01-05 16:00:00,,redispatch,2019-01-05 15:00:00,example_01d_base
532,0,-0,-0,0,36,,,north_2,2019-01-05 15:00:00,2019-01-05 16:00:00,,redispatch,2019-01-05 15:00:00,example_01d_base
533,0,-0,-0,0,36,,,east,2019-01-05 15:00:00,2019-01-05 16:00:00,,redispatch,2019-01-05 15:00:00,example_01d_base
534,0,600,600,0,36,,,south,2019-01-05 15:00:00,2019-01-05 16:00:00,,redispatch,2019-01-05 15:00:00,example_01d_base
535,600,-0,-0,600,45,,,west,2019-01-05 15:00:00,2019-01-05 16:00:00,,redispatch,2019-01-05 15:00:00,example_01d_base
536,0,-0,-0,0,37,,,north_1,2019-01-05 16:00:00,2019-01-05 17:00:00,,redispatch,2019-01-05 16:00:00,example_01d_base
537,0,-0,-0,0,37,,,north_2,2019-01-05 16:00:00,2019-01-05 17:00:00,,redispatch,2019-01-05 16:00:00,example_01d_base
538,0,-0,-0,0,37,,,east,2019-01-05 16:00:00,2019-01-05 17:00:00,,redispatch,2019-01-05 16:00:00,example_01d_base
539,0,200,200,0,37,,,south,2019-01-05 16:00:00,2019-01-05 17:00:00,,redispatch,2019-01-05 16:00:00,example_01d_base
540,200,-0,-0,200,45,,,west,2019-01-05 16:00:00,2019-01-05 17:00:00,,redispatch,2019-01-05 16:00:00,example_01d_base
541,0,-0,-0,0,37,,,north_1,2019-01-05 17:00:00,2019-01-05 18:00:00,,redispatch,2019-01-05 17:00:00,example_01d_base
542,0,-0,-0,0,37,,,north_2,2019-01-05 17:00:00,2019-01-05 18:00:00,,redispatch,2019-01-05 17:00:00,example_01d_base
543,0,-0,-0,0,37,,,east,2019-01-05 17:00:00,2019-01-05 18:00:00,,redispatch,2019-01-05 17:00:00,example_01d_base
544,0,2.2737e-13,2.2737e-13,0,37,,,south,2019-01-05 17:00:00,2019-01-05 18:00:00,,redispatch,2019-01-05 17:00:00,example_01d_base
545,0,-0,-0,0,37,,,west,2019-01-05 17:00:00,2019-01-05 18:00:00,,redispatch,2019-01-05 17:00:00,example_01d_base
546,0,-0,-0,0,37,,,north_1,2019-01-05 18:00:00,2019-01-05 19:00:00,,redispatch,2019-01-05 18:00:00,example_01d_base
547,0,-0,-0,0,37,,,north_2,2019-01-05 18:00:00,2019-01-05 19:00:00,,redispatch,2019-01-05 18:00:00,example_01d_base
548,0,-0,-0,0,37,,,east,2019-01-05 18:00:00,2019-01-05 19:00:00,,redispatch,2019-01-05 18:00:00,example_01d_base
549,0,-0,-0,0,37,,,south,2019-01-05 18:00:00,2019-01-05 19:00:00,,redispatch,2019-01-05 18:00:00,example_01d_base
550,0,-0,-0,0,37,,,west,2019-01-05 18:00:00,2019-01-05 19:00:00,,redispatch,2019-01-05 18:00:00,example_01d_base
551,0,-0,-0,0,36,,,north_1,2019-01-05 19:00:00,2019-01-05 20:00:00,,redispatch,2019-01-05 19:00:00,example_01d_base
552,0,-0,-0,0,36,,,north_2,2019-01-05 19:00:00,2019-01-05 20:00:00,,redispatch,2019-01-05 19:00:00,example_01d_base
553,0,-0,-0,0,36,,,east,2019-01-05 19:00:00,2019-01-05 20:00:00,,redispatch,2019-01-05 19:00:00,example_01d_base
554,2.2737e-13,-0,-0,2.2737e-13,36,,,south,2019-01-05 19:00:00,2019-01-05 20:00:00,,redispatch,2019-01-05 19:00:00,example_01d_base
555,0,-0,-0,0,36,,,west,2019-01-05 19:00:00,2019-01-05 20:00:00,,redispatch,2019-01-05 19:00:00,example_01d_base
556,0,-0,-0,0,36,,,north_1,2019-01-05 20:00:00,2019-01-05 21:00:00,,redispatch,2019-01-05 20:00:00,example_01d_base
557,0,-0,-0,0,36,,,north_2,2019-01-05 20:00:00,2019-01-05 21:00:00,,redispatch,2019-01-05 20:00:00,example_01d_base
558,0,-0,-0,0,36,,,east,2019-01-05 20:00:00,2019-01-05 21:00:00,,redispatch,2019-01-05 20:00:00,example_01d_base
559,0,-0,-0,0,36,,,south,2019-01-05 20:00:00,2019-01-05 21:00:00,,redispatch,2019-01-05 20:00:00,example_01d_base
560,0,-0,-0,0,36,,,west,2019-01-05 20:00:00,2019-01-05 21:00:00,,redispatch,2019-01-05 20:00:00,example_01d_base
561,0,-0,-0,0,36,,,north_1,2019-01-05 21:00:00,2019-01-05 22:00:00,,redispatch,2019-01-05 21:00:00,example_01d_base
562,0,-0,-0,0,36,,,north_2,2019-01-05 21:00:00,2019-01-05 22:00:00,,redispatch,2019-01-05 21:00:00,example_01d_base
563,0,-0,-0,0,36,,,east,2019-01-05 21:00:00,2019-01-05 22:00:00,,redispatch,2019-01-05 21:00:00,example_01d_base
564,0,-0,-0,0,36,,,south,2019-01-05 21:00:00,2019-01-05 22:00:00,,redispatch,2019-01-05 21:00:00,example_01d_base
565,0,-0,-0,0,36,,,west,2019-01-05 21:00:00,2019-01-05 22:00:00,,redispatch,2019-01-05 21:00:00,example_01d_base
566,0,-0,-0,0,36,,,north_1,2019-01-05 22:00:00,2019-01-05 23:00:00,,redispatch,2019-01-05 22:00:00,example_01d_base
567,0,-0,-0,0,36,,,north_2,2019-01-05 22:00:00,2019-01-05 23:00:00,,redispatch,2019-01-05 22:00:00,example_01d_base
568,0,-0,-0,0,36,,,east,2019-01-05 22:00:00,2019-01-05 23:00:00,,redispatch,2019-01-05 22:00:00,example_01d_base
569,0,-0,-0,0,36,,,south,2019-01-05 22:00:00,2019-01-05 23:00:00,,redispatch,2019-01-05 22:00:00,example_01d_base
570,0,-0,-0,0,36,,,west,2019-01-05 22:00:00,2019-01-05 23:00:00,,redispatch,2019-01-05 22:00:00,example_01d_base
571,0,-0,-0,0,36,,,north_1,2019-01-05 23:00:00,2019-01-06 00:00:00,,redispatch,2019-01-05 23:00:00,example_01d_base
572,0,-0,-0,0,36,,,north_2,2019-01-05 23:00:00,2019-01-06 00:00:00,,redispatch,2019-01-05 23:00:00,example_01d_base
573,0,-0,-0,0,36,,,east,2019-01-05 23:00:00,2019-01-06 00:00:00,,redispatch,2019-01-05 23:00:00,example_01d_base
574,2.2737e-13,-0,-0,2.2737e-13,36,,,south,2019-01-05 23:00:00,2019-01-06 00:00:00,,redispatch,2019-01-05 23:00:00,example_01d_base
575,0,-0,-0,0,36,,,west,2019-01-05 23:00:00,2019-01-06 00:00:00,,redispatch,2019-01-05 23:00:00,example_01d_base
